{
  "execution_times": {
    "Validate All JSON": {
      "samples": [
        0.23688173294067383
      ],
      "average": 0.23688173294067383,
      "success_rate": 1.0,
      "total_runs": 1,
      "successful_runs": 1
    },
    "Generate Calendar": {
      "samples": [
        0.4019458293914795
      ],
      "average": 0.4019458293914795,
      "success_rate": 1.0,
      "total_runs": 1,
      "successful_runs": 1
    },
    "Build Syllabi": {
      "samples": [
        0.8909428119659424
      ],
      "average": 0.8909428119659424,
      "success_rate": 1.0,
      "total_runs": 1,
      "successful_runs": 1
    },
    "Build Schedules": {
      "samples": [
        0.653921365737915
      ],
      "average": 0.653921365737915,
      "success_rate": 1.0,
      "total_runs": 1,
      "successful_runs": 1
    },
    "Generate Weekly Folders": {
      "samples": [
        0.5166788101196289
      ],
      "average": 0.5166788101196289,
      "success_rate": 1.0,
      "total_runs": 1,
      "successful_runs": 1
    },
    "Create Blackboard Packages": {
      "samples": [
        1.51741361618042
      ],
      "average": 1.51741361618042,
      "success_rate": 1.0,
      "total_runs": 1,
      "successful_runs": 1
    }
  },
  "failure_patterns": {}
}
